,Cluster Index,Voxels,MAX,MAX X (mm),MAX Y (mm),MAX Z (mm),COG X (mm),COG Y (mm),COG Z (mm),zstat,stat_type
0,1,116,6.08,-12,-98,16,-10.3,-99.1,6.9,1,activation
1,1,72,4.2,20,-20,-12,24,-14.4,-16.5,1,deactivation
2,10,984,6.41,-36,-64,52,-43.4,-64.4,40.3,1,deactivation
3,11,1357,5.4,-46,36,20,-42.7,36.5,1.66,1,deactivation
4,12,1417,5.2,42,-68,-40,28.2,-75.5,-34.1,1,deactivation
5,13,1768,6.39,-66,-36,4,-58.5,-31.1,-6.25,1,deactivation
6,14,3465,5.79,-14,36,46,-5.73,45.4,26.6,1,deactivation
7,15,4351,6.81,-10,-46,36,-0.162,-57.7,25.7,1,deactivation
8,2,170,5.26,-14,-54,-52,-12.1,-51.8,-50.5,1,activation
9,2,111,4.95,64,-14,-6,63.1,-7.94,-9.69,1,deactivation
10,3,550,6.17,32,32,38,33.4,39.3,33.4,1,activation
11,3,113,4.46,4,-46,-38,1.81,-49.8,-44.4,1,deactivation
12,4,780,5.57,4,-30,-2,3.35,-20.3,-0.291,1,activation
13,4,121,4.49,-14,-62,-8,-13.4,-65.9,-6.33,1,deactivation
14,5,1043,6.29,-44,14,-2,-40.9,14.3,10.8,1,activation
15,5,245,4.96,-24,-18,-16,-24.5,-11.6,-15.9,1,deactivation
16,6,2821,8.32,34,-78,-12,20.4,-59.3,-19.1,1,activation
17,6,306,5.07,42,28,-12,37.4,38.7,-10.8,1,deactivation
18,7,17349,8.5,-12,-62,60,0.431,-31,40,1,activation
19,7,377,5.65,68,-34,-4,62.9,-39,-5.62,1,deactivation
20,8,385,6.38,54,-62,32,43.2,-62.8,41.9,1,deactivation
21,9,778,5.27,-38,-74,-36,-30.5,-76.2,-34.5,1,deactivation
22,1,59,4.23,6,-88,4,9.11,-88.3,5.69,2,activation
23,2,88,5.01,40,-80,4,37.8,-82.7,8.74,2,activation
24,3,109,4.47,26,-38,-16,31.6,-48.9,-15,2,activation
25,4,137,4.37,-32,-70,-14,-31.2,-64.8,-12.3,2,activation
26,5,212,4.53,-40,-78,14,-38.4,-83.3,11.2,2,activation
27,1,82,4.51,-2,10,38,-0.236,13.8,40.5,3,activation
28,2,137,4.37,-38,-86,26,-37.8,-83.6,27.6,3,activation
29,1,70,4.61,-46,-44,54,-49.2,-37.1,53,5,activation
30,1,76,4.41,-4,-56,-60,-1.19,-53.2,-61.9,5,deactivation
31,2,93,5.01,12,-46,-42,15.3,-46.4,-46,5,activation
32,2,163,4.44,-38,-66,-38,-34.7,-69.7,-38.4,5,deactivation
33,3,99,5.47,-8,-42,54,-9.45,-33,46.7,5,activation
34,3,169,4.54,34,-78,-40,29,-76.9,-35.2,5,deactivation
35,4,182,5.54,22,10,4,23.8,10.8,1.1,5,activation
36,4,31982,7.18,10,6,54,2.94,-8.25,22.8,5,deactivation
37,5,370,6.64,-22,12,2,-22.5,6.63,3.16,5,activation
38,6,10476,7.44,4,-74,2,4.05,-66.1,13.5,5,activation
39,1,92,4.07,18,-52,-22,15.2,-51.7,-17.4,6,activation
40,1,79,4.5,10,-60,-44,13.2,-57.1,-44.6,7,activation
41,1,67,4.46,-14,-54,6,-10.2,-56.1,5.17,7,deactivation
42,10,242,5.21,8,12,8,9.22,1.89,10.2,7,activation
43,11,315,4.64,-34,-44,-34,-33.5,-52.1,-28.5,7,activation
44,12,345,5.02,6,-28,-6,2.79,-23.3,-5.13,7,activation
45,13,400,5.48,34,50,20,34.1,42,32.7,7,activation
46,14,450,5.23,-42,16,2,-33.5,21.4,2.03,7,activation
47,15,636,7.61,12,-56,62,16.3,-56.6,62.1,7,activation
48,16,731,5.63,46,18,2,38,21.5,2.81,7,activation
49,17,764,5.16,16,-54,-18,21.8,-54.3,-21.6,7,activation
50,18,6847,7.05,-26,-6,66,-8.54,-8.83,55.3,7,activation
51,2,80,4.62,-48,-18,18,-50.6,-21,19.6,7,activation
52,2,71,4.54,-22,20,50,-27.4,18.6,55.1,7,deactivation
53,3,81,4.26,38,-44,54,34.2,-40.8,49.8,7,activation
54,3,95,4,-52,32,24,-50.2,30.2,23.3,7,deactivation
55,4,82,4.56,-14,-54,-46,-12.3,-54.1,-47.9,7,activation
56,4,97,4.19,-48,14,42,-44.5,15.9,44,7,deactivation
57,5,89,4.27,-10,-26,48,-8.32,-22.6,48.8,7,activation
58,5,123,4.73,-22,-50,-8,-16,-61.1,-7.39,7,deactivation
59,6,116,5.07,62,8,28,60.4,8.55,27.5,7,activation
60,6,174,4.5,-18,38,48,-17.7,36.8,51.3,7,deactivation
61,7,128,4.77,2,-36,-36,1.51,-31.4,-38.5,7,activation
62,7,386,4.88,60,-58,24,52.2,-60.9,30.2,7,deactivation
63,8,138,4.86,-12,-22,16,-12.7,-21.5,14.2,7,activation
64,8,1247,5.67,-64,-48,2,-54,-54.5,25,7,deactivation
65,9,192,5.38,-58,10,28,-55.3,4.31,32.4,7,activation
66,9,1988,5.37,0,-74,28,1.43,-65.4,27.6,7,deactivation
67,1,65,4.03,-12,12,4,-14.8,13.5,-0.988,8,activation
68,2,108,4.09,10,14,10,12.6,12.1,2.43,8,activation
69,3,586,4.69,4,-60,-24,6.98,-60.2,-21.3,8,activation
70,1,160,9.82,-62,-38,34,-59.9,-32.8,37.5,9,activation
71,1,105,5.78,46,-36,4,52.5,-39.1,0.655,9,deactivation
72,10,9378,16.1,54,-70,2,36.8,-40.5,7.12,9,activation
73,10,3055,13.5,10,-86,0,24,-68.5,-26.3,9,deactivation
74,11,9827,16.4,-54,-2,48,-29.8,12.8,42.7,9,deactivation
75,2,173,6.79,38,-14,-30,30.8,-6.43,-35.6,9,activation
76,2,202,9.14,28,-8,56,30.6,-10.5,58.8,9,deactivation
77,3,227,7.4,-16,-74,-34,-8.97,-74.8,-30.1,9,activation
78,3,207,16,58,10,34,59.2,6.02,32.7,9,deactivation
79,4,312,9.19,48,-16,52,41.9,-18.6,48.4,9,activation
80,4,313,6.9,-2,66,2,-2.73,57.4,-3.51,9,deactivation
81,5,394,11.4,22,-30,70,22,-33.3,63.8,9,activation
82,5,320,8.34,14,14,12,15.4,13.4,6.41,9,deactivation
83,6,519,8.98,44,48,28,42,47.8,13.3,9,activation
84,6,527,7,-42,-66,36,-40.1,-66,45.9,9,deactivation
85,7,1462,10.6,-36,-22,10,-33.2,-7.26,2.42,9,activation
86,7,1006,7.83,-4,-54,24,-0.557,-50.3,29,9,deactivation
87,8,3194,11.8,2,-56,54,-5.25,-21,43,9,activation
88,8,1247,8.9,-66,-40,-8,-57.8,-30.2,-5.77,9,deactivation
89,9,4879,12.8,-44,-74,-8,-28.3,-62.6,-5.88,9,activation
90,9,1652,9.73,-10,-20,6,-7.46,-14.1,-2.12,9,deactivation
91,1,71,4.35,14,-92,18,18.6,-88,19.3,10,activation
92,1,71,5.04,50,-66,38,48.9,-64.4,38.5,10,deactivation
93,10,167,4.68,-10,-56,-50,-11.5,-52.6,-48.3,10,activation
94,11,171,4.84,-26,-10,58,-24.5,-14.6,57.2,10,activation
95,12,186,4.48,28,-44,14,26.6,-45.5,18.7,10,activation
96,13,196,5.08,36,-78,24,29.3,-75.5,31,10,activation
97,14,246,4.86,-32,-50,-14,-30.3,-44.6,-11.1,10,activation
98,15,322,4.93,-30,28,0,-32.2,21.9,4.3,10,activation
99,16,337,5.05,56,-20,40,58.7,-19,31.7,10,activation
100,17,515,4.58,-10,-74,-24,-1.76,-58.4,-18,10,activation
101,18,601,4.63,-24,-76,34,-26,-81.2,22.9,10,activation
102,19,667,5.3,34,26,4,38.3,22,5.72,10,activation
103,2,72,4.15,12,26,32,10.9,23.7,33.2,10,activation
104,2,74,4.53,42,-66,-42,39.5,-64.3,-40.9,10,deactivation
105,20,991,5.89,26,-54,60,24.5,-44.5,52.7,10,activation
106,21,1814,6.14,58,14,28,30.1,3.02,49.3,10,activation
107,22,1815,5.88,-24,-62,58,-40,-19.7,43.3,10,activation
108,3,77,4.32,-4,8,32,0.464,11.4,30,10,activation
109,3,99,4.93,-14,36,54,-20.2,28.8,56.7,10,deactivation
110,4,84,4.77,-48,-40,26,-44.3,-40.4,25.9,10,activation
111,4,100,4.48,-2,60,10,-1.87,59.7,11.5,10,deactivation
112,5,93,4.45,-32,-74,-10,-31.8,-74.6,-7.75,10,activation
113,5,146,5.66,0,58,42,-3.94,60,35.6,10,deactivation
114,6,95,5.08,-42,-58,-8,-43.1,-62.3,-3.09,10,activation
115,6,152,6.03,46,-70,-24,31.5,-80.3,-22.7,10,deactivation
116,7,100,4.35,-22,-38,18,-20.1,-45,24.2,10,activation
117,7,246,4.47,-44,-66,42,-43.1,-69,41.6,10,deactivation
118,8,112,4.57,26,28,34,29.7,33.1,31.7,10,activation
119,8,1257,5.7,0,-62,64,0.325,-64.6,32.1,10,deactivation
120,9,161,4.66,34,-56,-16,28.9,-48.1,-8.74,10,activation
121,1,85,5.83,10,-60,-44,12.7,-60.9,-47.3,11,activation
122,1,80,4.18,-10,32,6,-7.23,31.9,2.2,11,deactivation
123,10,599,5.32,44,20,2,40,21.1,4.14,11,deactivation
124,11,13049,5.8,8,24,46,9.73,-20.3,27.7,11,deactivation
125,2,110,5.19,64,-44,12,62,-42.7,19.7,11,activation
126,2,95,4.31,-18,-52,50,-17.2,-52.8,50,11,deactivation
127,3,112,4.86,-12,-20,42,-6.72,-22.5,44.9,11,activation
128,3,101,5.07,18,-34,-10,17.8,-35.8,-6.33,11,deactivation
129,4,136,4.79,-14,-22,12,-11.6,-19.4,8.2,11,activation
130,4,128,4.96,-30,58,22,-24.3,57.4,12.6,11,deactivation
131,5,161,6.78,0,2,54,-2.21,-0.322,51.1,11,activation
132,5,131,4.75,-10,-22,68,-10.7,-30.1,65.3,11,deactivation
133,6,1499,6.57,-50,-18,58,-38.4,-24,59.3,11,activation
134,6,134,4.4,10,-36,-38,9.48,-39.3,-39.6,11,deactivation
135,7,2037,7.37,-44,-86,-6,-38,-69.9,-6.68,11,activation
136,7,259,5.06,24,48,-10,23.5,53.2,0.682,11,deactivation
137,8,3859,7.81,44,-84,-6,28.6,-68.4,-10.7,11,activation
138,8,387,5.29,-60,-2,12,-51.4,-14.7,4.28,11,deactivation
139,9,407,5.5,-34,20,-2,-32.3,19.8,1.79,11,deactivation
140,1,64,4.68,-16,10,-8,-19.4,6.1,-7.2,12,deactivation
141,2,66,4.25,16,10,-10,18.9,10.6,-7.97,12,deactivation
142,3,89,4,30,-4,8,28.8,-4.55,4.69,12,deactivation
143,1,113,5.53,14,-56,-42,11.1,-53.4,-47.3,13,activation
144,1,79,4.41,-2,14,-8,0.517,12.6,-7.25,13,deactivation
145,10,11243,7.85,-28,-58,56,8.52,-68.8,14.8,13,activation
146,10,793,5.48,24,-82,-38,27.7,-77.7,-35.2,13,deactivation
147,11,853,5.52,-34,-62,42,-43.7,-64.8,39.8,13,deactivation
148,12,1129,5.6,-50,36,16,-41.7,33.9,1.79,13,deactivation
149,13,1246,5.44,16,-36,20,24.7,-23.7,19,13,deactivation
150,14,2421,6.37,-52,-48,-8,-51,-21.4,-10.7,13,deactivation
151,15,3535,6.57,0,58,36,-7.91,48,24.3,13,deactivation
152,16,6438,8.1,0,-70,44,-1.31,-56.3,25.6,13,deactivation
153,2,162,4.92,-54,-20,22,-57.4,-16.8,29.9,13,activation
154,2,102,5.85,54,-60,28,48.6,-62.7,32.9,13,deactivation
155,3,233,5.6,-8,-52,-56,-10.1,-52.1,-48.5,13,activation
156,3,114,5.37,62,-8,-10,59.8,-3.5,-12.2,13,deactivation
157,4,260,4.79,-34,-8,-2,-27.6,-0.502,0.183,13,activation
158,4,160,4.73,-32,-78,-36,-31.2,-78.8,-34.8,13,deactivation
159,5,372,6.03,-32,22,-10,-32,22.5,-0.133,13,activation
160,5,185,4.35,-34,-42,2,-28,-49.2,11.3,13,deactivation
161,6,751,6.46,36,24,38,36.1,41.2,30.5,13,activation
162,6,203,5.03,28,34,-14,30.1,33.6,-12.5,13,deactivation
163,7,860,5.3,-20,-10,52,-32.8,-6.31,55.9,13,activation
164,7,229,4.95,54,-4,8,59.5,-6.57,6.04,13,deactivation
165,8,876,5.8,10,-14,12,4.2,-19.3,0.507,13,activation
166,8,289,5.09,18,-30,68,27.1,-27.7,63,13,deactivation
167,9,3569,6.13,48,18,-2,29.8,9.2,35.2,13,activation
168,9,587,5.87,20,-14,-14,28.3,-14.1,-14.7,13,deactivation
169,1,82,4.42,0,20,42,0.432,24.3,40.7,14,activation
170,1,167,4.27,20,-96,8,26.1,-90.1,9.41,14,deactivation
171,2,198,4.38,-60,-4,24,-54.2,-7.22,20,14,deactivation
172,3,204,4.48,62,-8,20,60.3,-3.05,27.6,14,deactivation
173,1,62,4.01,2,-38,4,-0.178,-34,5.87,15,activation
174,1,78,3.98,10,-24,62,5.48,-27.9,63.9,15,deactivation
175,1,231,5.57,22,-76,32,16.1,-77.9,30.9,16,activation
176,1,198,5.27,0,-94,2,4.65,-95.2,14.2,16,deactivation
177,2,34152,6.62,6,20,56,5.39,-6.7,27.2,16,activation
178,2,240,5.69,-42,50,24,-41.7,45.3,16.7,16,deactivation
179,3,300,5.61,22,-62,48,31.8,-64.7,44.9,16,deactivation
180,4,422,5.72,2,-72,40,0.379,-58.8,58,16,deactivation
181,5,883,6.2,-36,-70,52,-38.8,-61.7,46.1,16,deactivation
182,6,5949,7.25,-2,-72,-2,4.88,-65.1,-16.5,16,deactivation
183,1,40504,8.68,18,-76,-16,3.17,-16,16.9,17,activation
184,1,93,5.82,-8,-22,12,-10.5,-19.5,10.8,17,deactivation
185,10,736,9.76,52,-62,30,55.4,-57,16.3,17,deactivation
186,11,840,9.56,-60,-54,14,-58.7,-45.6,16.5,17,deactivation
187,12,3305,10.2,2,-42,26,-1.07,-55.1,33.8,17,deactivation
188,2,94,6.29,-46,-28,48,-43.6,-34.1,49.4,17,deactivation
189,3,102,6.62,60,-22,16,50.5,-24,14.5,17,deactivation
190,4,110,4.81,34,-24,8,31.7,-16.1,4.12,17,deactivation
191,5,130,5.76,-34,-22,10,-31.2,-19.7,4.64,17,deactivation
192,6,147,5.32,26,-40,-12,29.3,-40.6,-17.4,17,deactivation
193,7,213,5.69,-50,-72,22,-44.5,-78.5,20.9,17,deactivation
194,8,409,6.99,-44,-42,-16,-32.3,-44.5,-17.3,17,deactivation
195,9,548,6.1,-52,14,-2,-49.9,22.3,13.2,17,deactivation
196,1,80,4.46,44,-64,4,45.1,-65.3,5.38,18,activation
197,2,90,4.24,-12,14,4,-11.8,11.4,2.53,18,activation
198,3,110,4.31,-40,-10,64,-36.8,-24.8,63.4,18,activation
199,4,185,4.62,-2,-70,-38,0.757,-64.8,-35.7,18,activation
200,5,669,5.24,2,-64,-16,6.28,-57.6,-14.2,18,activation
201,1,81,4.24,4,-30,-10,6.42,-27.5,-5.91,19,activation
202,1,102,4.76,-30,-74,28,-35,-83.2,17,19,deactivation
203,10,1658,5.86,28,-4,56,8.45,4,55.3,19,activation
204,2,87,4.55,-34,-34,20,-33.4,-31.2,18.1,19,activation
205,2,116,4.84,30,-46,-6,29.9,-51,-11.4,19,deactivation
206,3,95,4.4,-14,-58,64,-19.7,-52.5,62.1,19,activation
207,3,128,4.45,40,-78,-14,40.5,-81.5,3.98,19,deactivation
208,4,143,4.47,-4,-62,-12,0.778,-61.1,-17.9,19,activation
209,4,142,5.1,-16,10,-6,-19.3,11.2,-4.74,19,deactivation
210,5,258,4.62,16,-48,66,11.9,-57.2,60.2,19,activation
211,5,166,4.67,-8,-74,32,-3.21,-70.6,35.2,19,deactivation
212,6,266,5.04,-40,14,10,-35.5,20,7.63,19,activation
213,6,227,5.14,-44,-76,-14,-45.1,-68.2,-11.6,19,deactivation
214,7,468,5.36,58,-38,44,56.7,-41.8,37.3,19,activation
215,7,232,4.99,18,12,-8,17.9,13.2,-4.85,19,deactivation
216,8,534,5.15,38,36,30,34,38.8,31.5,19,activation
217,8,303,5.69,2,-40,26,-0.301,-33.5,31.4,19,deactivation
218,9,687,5.5,36,28,6,42.9,21.9,8.02,19,activation
219,1,77,4.57,-12,-20,10,-11.3,-21.4,11.7,20,activation
220,1,67,4.4,-62,-10,-16,-61.6,-12.2,-14.3,20,deactivation
221,10,572,4.7,54,-52,42,51.8,-54.6,41.7,20,deactivation
222,11,1014,5.21,-44,-64,28,-55.1,-50.4,17.7,20,deactivation
223,12,1281,5.25,-44,24,0,-45.7,32.5,2.27,20,deactivation
224,13,1417,4.99,44,46,-8,46.2,39.3,2.24,20,deactivation
225,14,2106,6.1,0,28,58,-0.153,45.1,40.3,20,deactivation
226,2,81,5.51,-14,-68,28,-15.8,-63.8,26,20,activation
227,2,67,4,-22,-76,-30,-20.4,-78.9,-30.2,20,deactivation
228,3,85,4.61,-22,10,-6,-20.5,9.44,-1.49,20,activation
229,3,68,4.58,42,-14,-2,42.5,-13.8,-1.38,20,deactivation
230,4,263,5.44,8,-40,24,1.4,-33.8,23.5,20,activation
231,4,76,4.72,4,-82,36,7.86,-82.6,36.1,20,deactivation
232,5,311,5.32,-46,4,36,-52.3,5.51,30.9,20,activation
233,5,92,4.65,34,-36,56,37.8,-25.7,55,20,deactivation
234,6,1244,5.8,28,-78,-6,29.8,-55.1,-17.7,20,activation
235,6,114,4.34,42,12,50,42.4,18.4,45.7,20,deactivation
236,7,8590,8.83,-16,-98,10,-10.4,-39.3,42.8,20,activation
237,7,146,4.93,46,-28,20,48.7,-27,20.3,20,deactivation
238,8,236,4.39,-34,-74,-38,-34.8,-72,-38.6,20,deactivation
239,9,288,4.58,64,-46,6,62.9,-39,2.16,20,deactivation
240,1,91,6.21,-28,-96,10,-31,-92.7,10,21,activation
241,1,109,4.63,32,-32,-8,27,-37.9,-1.93,21,deactivation
242,10,447,6.17,8,12,2,12.3,8.48,10,21,deactivation
243,11,664,6.03,-50,-48,10,-54,-42.5,15.2,21,deactivation
244,12,914,5.84,6,-20,0,0.788,-22.9,-8.26,21,deactivation
245,13,2211,6.68,-42,16,-4,-37.6,19.1,3.2,21,deactivation
246,14,7027,8.27,0,12,62,15.7,13.8,32.7,21,deactivation
247,2,96,6.24,-62,-12,8,-60.3,-14.3,10.3,21,activation
248,2,120,7.13,-12,-94,-4,-14.8,-88.3,-1.72,21,deactivation
249,3,101,5.06,68,-18,12,65.7,-13.3,7.75,21,activation
250,3,143,6.02,32,40,34,30.6,46.7,29.9,21,deactivation
251,4,108,7.75,-42,-28,62,-38.2,-26.6,65.3,21,activation
252,4,144,5.15,6,58,40,8.72,53.8,38.9,21,deactivation
253,5,124,4.82,-22,-56,-46,-20.8,-50.2,-47.5,21,activation
254,5,150,5.01,-54,2,-14,-49.4,0.104,-15.8,21,deactivation
255,6,292,7.01,0,-48,70,-0.606,-41.5,74.1,21,activation
256,6,204,5.91,34,-46,-16,39.5,-45.2,-16.8,21,deactivation
257,7,552,5.55,12,-60,-50,16.5,-54.7,-46.2,21,activation
258,7,211,5.95,-12,0,18,-9.67,8.67,11.3,21,deactivation
259,8,656,6.17,0,-62,44,1.2,-50.7,42.9,21,activation
260,8,278,7.52,-42,-48,-12,-38.5,-45.1,-15.9,21,deactivation
261,9,2752,9.72,16,-98,6,19.1,-72.3,-6.92,21,activation
262,9,313,5.47,52,-2,-14,51.5,-16.2,-8.91,21,deactivation
263,1,72,6.2,-30,34,34,-32.9,35.2,35.3,22,activation
264,1,99,4.45,40,-12,20,42.4,-11.3,15.9,22,deactivation
265,10,658,5.82,32,22,10,37.8,21.2,3.64,22,activation
266,10,1341,5.43,28,-80,-24,27.7,-75.3,-35.1,22,deactivation
267,11,853,5.45,4,-28,-2,1.36,-21.1,2.02,22,activation
268,11,1932,6.21,-38,30,-14,-42.6,35.5,0.451,22,deactivation
269,12,3526,8.03,34,-78,-12,21.5,-57.5,-21.3,22,activation
270,12,2096,6.6,-60,-40,-6,-58.6,-29.4,-5.34,22,deactivation
271,13,16015,8.59,-22,-96,16,-8.58,-34.1,43.8,22,activation
272,13,2883,6.87,0,-42,36,-0.226,-57.3,27.9,22,deactivation
273,14,4534,6.74,-20,32,44,-3.19,47.3,28.8,22,deactivation
274,2,87,5.48,-26,44,30,-29.7,45.3,30.9,22,activation
275,2,113,4.91,34,-26,58,34.2,-26.4,61.4,22,deactivation
276,3,102,5.49,52,-44,20,62.1,-40.1,22,22,activation
277,3,166,4.54,0,-48,-46,1.24,-50.9,-44.7,22,deactivation
278,4,112,6.44,6,-86,0,12.5,-91.8,9.06,22,activation
279,4,223,4.94,-24,-18,-16,-24.1,-13.9,-15.3,22,deactivation
280,5,117,6.07,20,-66,26,21.2,-58.7,20.9,22,activation
281,5,636,6.47,42,-58,46,47.2,-60.7,41,22,deactivation
282,6,176,5.44,-12,-48,-50,-12.2,-51.1,-50.2,22,activation
283,6,817,5.79,64,-46,0,60.6,-32.1,-1.04,22,deactivation
284,7,432,6.72,40,34,36,32.6,38.7,34.6,22,activation
285,7,1043,6.42,-54,-60,32,-45.1,-63.8,38.1,22,deactivation
286,8,509,6.19,-34,14,12,-33.5,20.6,2.45,22,activation
287,8,1114,5.76,-40,-72,-40,-30.6,-75.3,-34.8,22,deactivation
288,9,537,6.32,-54,-2,44,-52.5,4.51,27.1,22,activation
289,9,1149,5.47,52,32,0,42.5,42.4,-3.16,22,deactivation
290,1,72,4.87,16,-34,44,12.3,-26.3,44.6,23,activation
291,1,91,4.87,-22,12,-6,-16.8,10.5,-7.27,23,deactivation
292,10,503,5.55,40,-38,58,27.1,-47.1,60.3,23,activation
293,11,601,5.7,-46,-72,14,-44.7,-72.9,8.81,23,activation
294,12,706,4.92,58,-38,44,60.5,-32.7,36.2,23,activation
295,13,897,5.27,52,-66,0,45.9,-70,9.33,23,activation
296,14,1259,5.18,36,30,4,45.3,18.8,6.49,23,activation
297,15,1299,5.12,24,-14,70,14.5,7.3,58,23,activation
298,2,81,4.59,-38,-4,52,-40.1,-7.06,54.9,23,activation
299,2,92,4.4,28,-66,50,32.4,-63.3,45.7,23,deactivation
300,3,135,5.55,12,-96,14,17.3,-97.1,15.7,23,activation
301,3,119,4.21,30,-82,-26,25.8,-80.4,-25.1,23,deactivation
302,4,147,4.53,22,-80,42,25.2,-80.7,37.9,23,activation
303,4,136,4.7,8,14,-6,14.2,13.8,-5.94,23,deactivation
304,5,167,4.29,-56,-20,22,-60,-26.5,25.8,23,activation
305,5,155,4.34,-58,-46,-10,-59.3,-42.7,-9.96,23,deactivation
306,6,200,4.94,-20,-14,66,-18.2,-10.1,65.8,23,activation
307,6,268,4.91,-44,-72,38,-35.4,-67.7,45.6,23,deactivation
308,7,293,4.51,36,42,26,35.4,40.4,30.7,23,activation
309,7,4472,6.64,-18,-96,12,-1.82,-63.4,20.5,23,deactivation
310,8,318,5.08,-20,-54,64,-22.1,-51.9,64.7,23,activation
311,9,492,5.18,-32,20,8,-33.6,21.2,-0.00606,23,activation
312,1,90,4.3,28,-66,50,32.3,-63.4,45.7,24,activation
313,1,73,4.9,16,-34,44,12.3,-26.4,44.6,24,deactivation
314,10,601,5.83,-46,-72,14,-44.7,-72.9,8.79,24,deactivation
315,11,709,5.06,64,-24,36,60.4,-32.7,36.2,24,deactivation
316,12,892,5.6,52,-66,0,46,-69.8,9.3,24,deactivation
317,13,1265,5.18,36,30,4,45.4,18.9,6.49,24,deactivation
318,14,1500,5.09,24,-14,70,10.1,4.98,59.1,24,deactivation
319,2,90,4.68,-22,12,-6,-16.8,10.5,-7.26,24,activation
320,2,82,4.84,-38,-4,52,-40,-6.99,54.8,24,deactivation
321,3,119,4.09,32,-82,-26,25.9,-80.4,-25.1,24,activation
322,3,134,5.6,12,-96,14,17.4,-97.1,15.7,24,deactivation
323,4,135,4.53,8,14,-6,14.3,13.7,-5.99,24,activation
324,4,147,4.6,30,-80,32,25.2,-80.7,38,24,deactivation
325,5,154,4.41,-60,-46,-10,-59.3,-42.7,-9.96,24,activation
326,5,170,4.38,-60,-34,32,-60,-26.3,25.7,24,deactivation
327,6,266,4.97,-44,-72,38,-35.4,-67.7,45.6,24,activation
328,6,292,4.52,40,40,28,35.3,40.4,30.8,24,deactivation
329,7,4468,6.35,-12,-94,-4,-1.82,-63.4,20.5,24,activation
330,7,317,5.19,-20,-54,64,-22.1,-51.9,64.7,24,deactivation
331,8,492,5.18,-32,20,8,-33.6,21.2,-0.00602,24,deactivation
332,9,506,5.47,40,-38,58,27.2,-47,60.3,24,deactivation
333,1,77,6.12,-20,-40,-46,-18.3,-43.3,-47,25,activation
334,1,131,4.26,26,-2,-28,37.2,4.56,-27.6,25,deactivation
335,2,92,6.88,-34,-82,-20,-42.9,-74.1,-14.8,25,activation
336,2,303,4.98,34,-80,-44,24.8,-78,-35.6,25,deactivation
337,3,169,5.89,-24,10,6,-22.8,8.1,0.0209,25,activation
338,3,27648,9.66,30,-8,60,2.24,-3.4,23,25,deactivation
339,4,225,5.9,-18,-66,-14,-28.6,-59.4,-17.6,25,activation
340,5,328,5.08,20,-48,-46,17.9,-50.6,-47.1,25,activation
341,6,377,6.08,-26,-92,14,-41.4,-80.9,9.07,25,activation
342,7,6749,8.68,0,-76,-6,13.7,-65.8,16.8,25,activation
343,1,97,4.26,-38,-68,-38,-38.1,-66.8,-37.7,26,activation
344,1,114,4.77,-40,6,38,-43.3,10.3,30.9,26,deactivation
345,2,107,4.14,8,-62,-30,11.5,-63.6,-37.4,26,activation
346,2,194,5.3,56,-44,24,55.7,-45.4,22.4,26,deactivation
347,3,140,4.54,6,-36,74,-2.17,-34.3,70.9,26,activation
348,3,259,5.59,-22,6,4,-19.8,9.75,5.37,26,deactivation
349,4,413,6.3,-42,-26,64,-33.9,-25.4,58.9,26,activation
350,4,409,5.89,-8,-60,56,1.47,-45.5,52.8,26,deactivation
351,5,13443,6.18,20,-24,28,3.75,-22.4,17.7,26,activation
352,5,423,5.79,24,8,2,22.8,9.45,3.06,26,deactivation
353,6,980,5.21,-2,16,48,-6.59,13.8,50.3,26,deactivation
354,7,1079,8.08,48,-76,4,45,-76.2,10.9,26,deactivation
355,8,6444,6.82,-46,-60,-18,-7.52,-63.6,3.1,26,deactivation
356,1,114,4.82,-40,6,38,-43.3,10.3,30.9,27,activation
357,1,98,4.37,-38,-68,-38,-38,-66.8,-37.8,27,deactivation
358,2,191,5.22,56,-44,24,55.7,-45.5,22.4,27,activation
359,2,106,4.1,16,-62,-38,11.5,-63.7,-37.4,27,deactivation
360,3,261,5.8,-16,14,12,-19.7,9.75,5.45,27,activation
361,3,140,4.65,6,-36,74,-2.16,-34.3,70.9,27,deactivation
362,4,406,6.13,-8,-60,56,1.46,-45.4,52.8,27,activation
363,4,414,6.22,-42,-26,64,-33.8,-25.4,58.9,27,deactivation
364,5,426,5.51,22,6,6,22.9,9.42,3.05,27,activation
365,5,13456,6.53,-24,-92,12,3.74,-22.3,17.7,27,deactivation
366,6,976,5.15,-2,18,44,-6.52,13.8,50.3,27,activation
367,7,1075,8.3,48,-76,4,45,-76.2,10.9,27,activation
368,8,6431,6.97,-46,-60,-18,-7.54,-63.5,3.07,27,activation
369,1,69,4.59,24,16,0,23.2,13.9,4.2,28,activation
370,1,117,4.72,44,-26,60,36.4,-27,61.7,28,deactivation
371,10,16572,8.38,36,-82,36,-0.257,-54.8,20.4,28,activation
372,2,87,4.42,-24,14,0,-23.7,8.92,3.46,28,activation
373,2,184,4.55,-4,-44,-28,-3.11,-44.5,-39.5,28,deactivation
374,3,88,5.41,32,34,38,33.4,34.7,37.7,28,activation
375,3,1135,5.63,-22,-84,-38,-30.8,-74.4,-35.6,28,deactivation
376,4,107,5.23,-36,14,6,-32.6,18.7,7.86,28,activation
377,4,1694,5.79,32,-72,-38,28.8,-74,-35.4,28,deactivation
378,5,126,4.89,10,-18,12,11.7,-17.2,12.3,28,activation
379,5,33032,6.01,18,34,2,-5.15,-3.23,17.4,28,deactivation
380,6,128,4.84,-8,-18,14,-11,-18.2,9.19,28,activation
381,7,140,6.55,64,-44,22,62.7,-41.6,25.3,28,activation
382,8,178,5.6,-12,-46,-44,-13.2,-49.5,-48.9,28,activation
383,9,497,6.57,30,-6,56,31.8,-4.66,62.2,28,activation
384,1,73,5.6,30,-78,-6,29.3,-79.5,-7.58,29,activation
385,1,86,4.27,44,-68,-18,40.2,-66.9,-22.1,29,deactivation
386,10,2084,7.42,44,-30,48,39.6,-41.2,46.3,29,activation
387,10,367,4.84,-60,-42,-6,-48.7,-59.8,-14.7,29,deactivation
388,11,13379,7.61,6,10,62,-4.09,-5.6,38.9,29,activation
389,11,462,5.27,-44,-72,40,-43.1,-65.6,41.8,29,deactivation
390,12,6189,6.73,0,-58,20,0.979,-60.8,22.8,29,deactivation
391,2,80,5.09,-12,-52,-52,-9.32,-54.7,-54,29,activation
392,2,99,4.61,26,12,-2,15,12.6,-7.31,29,deactivation
393,3,108,5.25,-10,2,16,-7.87,6.34,11.4,29,activation
394,3,101,4.85,60,-4,-10,61.5,-3.17,-3.17,29,deactivation
395,4,137,5.3,8,12,8,9.77,5.46,12.6,29,activation
396,4,108,4.75,-22,-20,-14,-21.4,-15.5,-16.2,29,deactivation
397,5,194,4.88,-30,-52,-26,-30.5,-53.9,-28.8,29,activation
398,5,114,4.59,24,-16,-16,23.3,-12.5,-17.4,29,deactivation
399,6,596,4.84,12,-50,-18,10.7,-57.8,-18.9,29,activation
400,6,150,5.42,54,-62,32,45.7,-67.4,38.4,29,deactivation
401,7,631,5.86,18,-94,18,25.1,-61.2,18.3,29,activation
402,7,182,5.32,-20,12,-10,-18.8,10.6,-1.74,29,deactivation
403,8,673,5.79,4,-30,-4,2.41,-24.8,-7.45,29,activation
404,8,184,4.75,2,56,-6,0.1,59.4,1.67,29,deactivation
405,9,768,6.33,28,52,24,32.2,40.1,30.7,29,activation
406,9,257,5.87,-60,-34,6,-59.9,-37.6,7.95,29,deactivation
407,1,85,4.38,44,-68,-18,40.3,-66.8,-22.1,30,activation
408,1,73,5.34,30,-78,-6,29.3,-79.5,-7.59,30,deactivation
409,10,366,4.92,-60,-42,-6,-48.7,-59.8,-14.7,30,activation
410,10,2088,7.59,44,-30,48,39.6,-41.2,46.3,30,deactivation
411,11,462,5.25,-44,-72,40,-43.1,-65.5,41.8,30,activation
412,11,13389,7.66,6,10,62,-4.09,-5.63,38.9,30,deactivation
413,12,6183,6.78,0,-58,20,0.991,-60.9,22.8,30,activation
414,2,97,4.79,60,-6,-8,61.4,-3.02,-3.44,30,activation
415,2,80,5.08,-12,-52,-52,-9.32,-54.8,-54,30,deactivation
416,3,100,4.69,26,12,-2,15.1,12.6,-7.2,30,activation
417,3,106,5.3,-10,2,16,-7.94,6.36,11.3,30,deactivation
418,4,108,4.72,-24,-18,-16,-21.4,-15.5,-16.2,30,activation
419,4,138,5.3,8,12,8,9.77,5.44,12.6,30,deactivation
420,5,114,4.77,24,-16,-16,23.3,-12.5,-17.4,30,activation
421,5,194,4.72,-30,-52,-26,-30.5,-53.9,-28.9,30,deactivation
422,6,151,5.54,54,-62,32,45.7,-67.4,38.4,30,activation
423,6,595,4.84,12,-50,-18,10.8,-57.8,-19,30,deactivation
424,7,183,5.25,-20,12,-10,-18.8,10.6,-1.72,30,activation
425,7,624,5.93,18,-94,18,25,-61,18,30,deactivation
426,8,185,4.78,2,56,-6,0.0681,59.4,1.72,30,activation
427,8,677,5.79,4,-30,-4,2.42,-24.7,-7.42,30,deactivation
428,9,258,5.89,-60,-34,6,-59.9,-37.7,7.97,30,activation
429,9,767,5.89,28,52,24,32.2,40.1,30.8,30,deactivation
430,1,92,6.03,-40,-16,44,-38.7,-17,39.6,31,activation
431,1,84,5.92,0,-56,-48,2.51,-52.4,-43.9,31,deactivation
432,10,2014,7.21,32,-12,4,37.4,8.16,2.4,31,activation
433,10,939,8.87,-50,-62,36,-41.9,-65.2,42.3,31,deactivation
434,11,13799,15,38,-84,8,4.88,-56.2,18.3,31,activation
435,11,2581,8.16,10,-76,-6,27.2,-73.7,-31.5,31,deactivation
436,12,3194,8.96,-6,-48,38,-1.06,-54.8,24.9,31,deactivation
437,13,11272,9.97,-56,10,34,-29.4,23.5,18.2,31,deactivation
438,2,121,9.88,16,-98,12,14.8,-97.3,13.2,31,activation
439,2,89,8.43,20,-52,-20,16,-50,-17.7,31,deactivation
440,3,235,6.49,12,-50,-56,14.3,-48.4,-49.9,31,activation
441,3,94,5.41,-12,-6,-14,-22.5,-15.9,-14.6,31,deactivation
442,4,264,7.7,40,-2,50,31.7,-2.06,60.4,31,activation
443,4,136,4.56,-4,-18,-24,-3.63,-24.6,-32.7,31,deactivation
444,5,387,6.12,-6,-76,-24,-4.3,-72.3,-23.2,31,activation
445,5,153,7.94,62,2,-12,61.2,0.968,-13.3,31,deactivation
446,6,480,7.03,36,50,24,34.3,46.4,28.3,31,activation
447,6,252,6.22,-18,10,0,-15,12.2,6.8,31,deactivation
448,7,538,9.03,-58,-32,40,-59.1,-29.8,34,31,activation
449,7,282,7.34,62,-44,-8,58.8,-40.5,-2.88,31,deactivation
450,8,753,7.61,-32,18,12,-35.6,2.41,0.56,31,activation
451,8,431,6.64,-34,-76,-38,-31.4,-77.5,-35.4,31,deactivation
452,9,1106,10.4,62,-38,34,59.3,-34.2,33.9,31,activation
453,9,592,13.3,-42,-24,50,-37.1,-24.7,58.3,31,deactivation
454,1,82,8.39,30,36,36,31.9,37.7,36.7,32,activation
455,1,82,5.62,-10,16,-2,-10.8,12.1,-6.99,32,deactivation
456,10,1472,8.44,22,-44,-20,17.6,-56.7,-21.2,32,activation
457,10,1015,7.19,6,-80,34,-2.37,-75.5,31.3,32,deactivation
458,11,1637,6.49,-6,-22,14,-2.17,-21.4,-2.75,32,activation
459,11,1268,7.72,10,-16,40,3.42,-34.8,42.6,32,deactivation
460,12,9811,17.1,-56,0,40,-17.8,-6.47,50.4,32,activation
461,12,1412,7.55,32,-86,-4,45.1,-66,15.3,32,deactivation
462,13,2480,6.69,42,-16,10,32.3,-3.67,1.39,32,deactivation
463,14,2881,8.21,-36,-18,40,-24.6,-25.4,-7.18,32,deactivation
464,2,91,8.26,32,24,6,31.9,23.4,7.91,32,activation
465,2,89,6.71,-10,-12,44,-10.1,-9.54,42.1,32,deactivation
466,3,132,10.1,22,-60,62,22.7,-57.6,59.4,32,activation
467,3,129,4.94,22,-32,-24,20.9,-33.1,-33.3,32,deactivation
468,4,206,6.24,16,16,12,15.1,12.2,7.09,32,activation
469,4,158,5.8,62,-24,-6,62.6,-28.1,-7.44,32,deactivation
470,5,216,6.88,-8,8,8,-15.4,8.8,6.52,32,activation
471,5,397,6.43,2,34,20,2.36,42.2,10.1,32,deactivation
472,6,220,7.13,-26,-58,-20,-26.4,-58,-23.6,32,activation
473,6,467,5.31,-28,-70,-38,-21.6,-73.7,-32.4,32,deactivation
474,7,225,6.41,28,-52,-50,19,-59.5,-48.9,32,activation
475,7,506,6.48,-46,-70,0,-43,-77.2,6.07,32,deactivation
476,8,521,10.5,-30,34,36,-37.1,39.3,32.2,32,activation
477,8,559,8.29,52,-18,56,32.5,-24.6,57,32,deactivation
478,9,576,9.75,8,-80,-10,15.5,-82.9,-4.84,32,activation
479,9,614,5.55,42,40,12,45.3,45.2,7.98,32,deactivation
480,1,83,5.61,-10,16,-2,-10.8,12.2,-7,33,activation
481,1,83,8.32,30,36,36,31.9,37.7,36.7,33,deactivation
482,10,1026,7.2,-10,-82,42,-2.58,-75.2,31.3,33,activation
483,10,1472,8.4,22,-44,-20,17.7,-56.7,-21.2,33,deactivation
484,11,1270,7.33,12,-16,40,3.42,-34.8,42.6,33,activation
485,11,1639,6.34,16,-22,16,-2.17,-21.4,-2.76,33,deactivation
486,12,1409,7.42,32,-86,-4,45.1,-66.1,15.4,33,activation
487,12,9814,15.5,-56,0,40,-17.8,-6.42,50.3,33,deactivation
488,13,2485,6.81,44,-14,6,32.3,-3.61,1.36,33,activation
489,14,2866,7.47,-36,-18,40,-24.7,-25.3,-7.08,33,activation
490,2,88,6.58,-10,-12,44,-10.1,-9.61,42,33,activation
491,2,89,7.88,34,20,8,31.8,23.5,7.82,33,deactivation
492,3,127,4.84,22,-32,-40,20.9,-33.1,-33.4,33,activation
493,3,133,9.84,22,-60,62,22.7,-57.6,59.4,33,deactivation
494,4,157,5.84,68,-28,-4,62.5,-28.1,-7.39,33,activation
495,4,205,6.35,16,16,12,15.1,12.2,7.09,33,deactivation
496,5,398,6.86,2,34,20,2.35,42.1,10.1,33,activation
497,5,217,5.8,-8,8,8,-15.5,8.82,6.51,33,deactivation
498,6,470,5.36,-34,-62,-40,-21.9,-73.6,-32.6,33,activation
499,6,220,6.79,-28,-54,-22,-26.4,-58,-23.6,33,deactivation
500,7,499,6.09,-46,-70,0,-43.1,-77.1,6.04,33,activation
501,7,227,6.28,28,-52,-50,19,-59.4,-48.9,33,deactivation
502,8,554,8.86,22,-28,70,32.6,-24.5,57,33,activation
503,8,520,10.1,-30,34,36,-37.1,39.3,32.2,33,deactivation
504,9,627,5.56,42,40,12,45.1,45.6,7.9,33,activation
505,9,576,9.78,8,-80,-10,15.6,-82.9,-4.85,33,deactivation
506,1,87,4.96,-6,-82,-18,-6.23,-76,-27.3,34,activation
507,1,102,7.24,64,-14,16,60.6,-13,22.2,34,deactivation
508,10,487,6.69,-32,-12,0,-32.4,-9.81,4.32,34,activation
509,10,1179,7.19,-52,-42,2,-54.7,-40.1,-3.21,34,deactivation
510,11,526,9.18,56,-44,24,58.5,-39.9,34.4,34,activation
511,11,1273,6.13,-14,-26,12,-3.79,-22.8,-7.82,34,deactivation
512,12,1058,6.52,36,-24,16,33.8,-4.74,3.08,34,activation
513,12,2462,8.96,20,-44,-20,26.7,-67.2,-31.8,34,deactivation
514,13,4760,13.1,-48,-64,14,-31.8,-68.2,3.09,34,activation
515,13,12476,17.1,-60,6,28,-25.9,15.1,35.9,34,deactivation
516,14,8318,14.5,52,-64,12,25.2,-56.4,17,34,activation
517,2,98,6.32,-64,-30,34,-59.9,-31.4,39.5,34,activation
518,2,149,5.63,20,34,0,20.8,34.2,0.055,34,deactivation
519,3,116,6.19,-48,-12,34,-41.2,-16.4,37.6,34,activation
520,3,153,5.38,-36,-72,-38,-37.2,-75.2,-37,34,deactivation
521,4,169,8.62,22,-28,66,22.5,-30.7,63.3,34,activation
522,4,161,5.74,-2,-42,36,-8.81,-44.4,30.4,34,deactivation
523,5,187,7.36,18,-46,-48,15.1,-46.4,-47.2,34,activation
524,5,199,7.47,-8,10,12,-8.28,12.6,8.33,34,deactivation
525,6,192,7.98,50,-18,54,43.1,-17.8,46.9,34,activation
526,6,219,7.11,8,12,12,10.1,12.4,6.76,34,deactivation
527,7,252,6.61,50,42,18,44.5,45.3,18.5,34,activation
528,7,359,12.8,60,14,22,58.3,6.48,30.9,34,deactivation
529,8,285,6.23,0,-20,34,2.24,-25.3,29.1,34,activation
530,8,729,7.56,-62,-14,16,-42.2,-44.5,28.7,34,deactivation
531,9,422,6.37,-8,-54,-50,-13.4,-47.6,-48.9,34,activation
532,9,969,8.64,8,-82,-6,28.5,-60.5,7.97,34,deactivation
533,1,98,5.93,-28,-60,-22,-28.5,-56.4,-21.1,35,activation
534,1,2863,7.29,2,-40,-26,-5.54,-45.5,-35.6,35,deactivation
535,10,1862,8.99,-2,-40,24,0.555,-53.2,25.6,35,activation
536,11,2385,10.1,12,-96,-2,17.2,-69.7,-11.7,35,activation
537,12,6824,11.4,2,6,72,-30.9,-0.97,48.5,35,activation
538,2,100,5.58,8,-16,14,10,-18.3,12,35,activation
539,2,35654,9.19,38,-78,6,8.15,-15.3,20.4,35,deactivation
540,3,115,5.12,2,70,-2,0.611,59.7,-1.65,35,activation
541,4,139,5.1,0,-28,-38,-3.13,-26.7,-35,35,activation
542,5,166,7.09,14,-60,-50,23.5,-59.3,-47.6,35,activation
543,6,333,7.34,22,14,-2,19,13.5,4.69,35,activation
544,7,414,7.49,-22,6,10,-17.6,10.5,5.57,35,activation
545,8,460,6.28,-8,-20,4,-8.85,-19.8,7.6,35,activation
546,9,507,6.33,-54,-46,12,-58.6,-41.7,0.595,35,activation
547,1,2860,7.27,2,-40,-26,-5.55,-45.6,-35.6,36,activation
548,1,98,6.03,-28,-60,-22,-28.4,-56.4,-21,36,deactivation
549,10,1878,9.35,-2,-40,24,0.559,-53.2,25.5,36,deactivation
550,11,2389,9.94,12,-96,-2,17.2,-69.7,-11.7,36,deactivation
551,12,6822,11.3,2,6,72,-30.8,-1.25,48.8,36,deactivation
552,2,35640,9.74,56,-38,44,8.14,-15.3,20.4,36,activation
553,2,100,6.17,6,-18,10,9.99,-18.3,12,36,deactivation
554,3,117,5.04,2,70,-2,0.59,59.6,-1.69,36,deactivation
555,4,139,5.1,0,-28,-38,-3.13,-26.7,-35,36,deactivation
556,5,166,7.36,14,-60,-50,23.7,-59.4,-47.6,36,deactivation
557,6,334,7.33,22,14,-2,19,13.6,4.72,36,deactivation
558,7,417,7.65,-22,8,2,-17.6,10.5,5.55,36,deactivation
559,8,459,6.13,-10,-22,8,-8.86,-19.8,7.63,36,deactivation
560,9,510,6.68,-54,-46,12,-58.6,-41.7,0.585,36,deactivation
561,1,80,4.91,-22,10,-4,-20.5,10.7,-6.71,37,activation
562,1,101,4.5,8,-86,18,8.26,-85,15.1,37,deactivation
563,10,522,5.73,54,-34,2,56,-33.7,0.87,37,deactivation
564,11,1563,5.16,-64,-44,8,-55.7,-45.9,14.7,37,deactivation
565,12,2709,5.71,-38,30,-12,-42.3,26.4,2.81,37,deactivation
566,13,2818,5.55,56,24,14,44.7,23.5,2.98,37,deactivation
567,14,3698,5.27,-6,20,50,0.985,37.2,42.2,37,deactivation
568,2,125,4.6,-16,-52,-48,-19.3,-50,-47.5,37,activation
569,2,148,4.72,12,8,14,10.8,6.48,14.6,37,deactivation
570,3,143,5.19,2,2,52,-0.418,1.81,56.8,37,activation
571,3,149,4.87,12,-6,56,4.92,-14,44.3,37,deactivation
572,4,146,5.96,28,-64,50,24.8,-66.9,48.2,37,activation
573,4,198,4.51,-30,-80,-38,-26.4,-74.8,-34.6,37,deactivation
574,5,203,6.15,0,-36,26,0.976,-32.1,27.5,37,activation
575,5,208,4.84,40,-26,22,46.1,-25.7,22,37,deactivation
576,6,669,5.57,18,-60,-44,16.6,-57.8,-45.4,37,activation
577,6,217,5.05,50,-22,52,41.6,-22.3,54.1,37,deactivation
578,7,7397,8.2,-16,-98,14,-0.164,-63.4,13.9,37,activation
579,7,220,4.64,-50,-8,-8,-52.5,-11.6,-8.9,37,deactivation
580,8,304,4.3,-48,4,-16,-48.1,4.11,-25.4,37,deactivation
581,9,347,5.31,62,-30,38,58.7,-42.7,37.7,37,deactivation
582,1,76,4.22,8,-46,16,8.68,-40.2,19.1,38,activation
583,1,91,4.96,30,18,52,28.9,23.2,52.2,38,deactivation
584,10,292,6.3,-42,-36,48,-36.5,-40,45.8,38,activation
585,10,273,5.11,-46,-72,32,-45.9,-64.9,36.6,38,deactivation
586,11,419,6.94,36,-44,-20,35.1,-45.2,-14.5,38,activation
587,11,376,7.35,18,-74,-12,12.2,-70.1,-7.8,38,deactivation
588,12,590,5.84,8,-28,-2,1.25,-22.2,-4.41,38,activation
589,12,387,7.36,8,-92,-8,20.4,-92.4,3.09,38,deactivation
590,13,656,10.7,-20,-96,12,-16.8,-87.4,-0.832,38,activation
591,13,397,6.02,54,-54,42,50.1,-57.1,42,38,deactivation
592,14,1242,8.01,34,20,12,29.4,17.3,3.83,38,activation
593,15,6361,8.72,-26,-8,66,-7.05,4.55,45.1,38,activation
594,2,97,5.92,20,-60,24,18.8,-59.1,23.4,38,activation
595,2,113,5.03,4,-40,74,-0.895,-38.7,75.6,38,deactivation
596,3,111,5,-28,36,32,-28.4,42.3,28.1,38,activation
597,3,116,5.18,0,-48,38,0.396,-53.4,42.6,38,deactivation
598,4,175,5.97,34,36,36,32.4,40.9,35.2,38,activation
599,4,125,4.48,0,-26,46,-1.18,-30.4,40.3,38,deactivation
600,5,215,5.12,-6,16,4,-11.1,8.97,8.32,38,activation
601,5,141,4.51,16,38,56,15.8,41,50.8,38,deactivation
602,6,229,6.21,44,-34,48,36.8,-38.9,43.3,38,activation
603,6,153,4.95,-26,32,50,-21.5,32.2,47.5,38,deactivation
604,7,235,6.85,-16,-74,36,-13.8,-66.3,44,38,activation
605,7,154,4.91,42,52,-6,44.4,48.1,-5.77,38,deactivation
606,8,258,5.83,-42,-58,-12,-38.8,-48.1,-16.4,38,activation
607,8,193,5.1,-58,-26,14,-57.8,-24.2,13.1,38,deactivation
608,9,261,7.62,18,-70,54,15.7,-60.2,58.9,38,activation
609,9,209,4.96,64,-18,14,63.5,-14.6,9.32,38,deactivation
610,1,87,5.07,30,18,52,28.7,23.2,52.3,39,activation
611,1,76,4.17,8,-42,22,8.68,-40.2,19.1,39,deactivation
612,10,273,5.1,-46,-72,32,-45.9,-64.9,36.6,39,activation
613,10,293,6.26,-42,-36,48,-36.5,-40,45.8,39,deactivation
614,11,374,7.19,18,-74,-12,12.4,-70.1,-7.92,39,activation
615,11,445,6.95,36,-44,-20,34.6,-44.8,-13.7,39,deactivation
616,12,387,7.36,8,-92,-8,20.3,-92.4,3.02,39,activation
617,12,589,5.84,8,-28,-2,1.24,-22.2,-4.44,39,deactivation
618,13,394,5.88,54,-54,42,50.1,-57.1,42,39,activation
619,13,653,10,-20,-96,20,-16.8,-87.4,-0.898,39,deactivation
620,14,1246,8.07,34,20,12,29.4,17.3,3.84,39,deactivation
621,15,6364,8.54,-26,-8,66,-7.05,4.54,45.1,39,deactivation
622,2,112,5.06,4,-40,74,-0.895,-38.8,75.7,39,activation
623,2,97,5.87,20,-60,24,18.8,-59.1,23.4,39,deactivation
624,3,113,5.16,2,-46,38,0.414,-53.3,42.7,39,activation
625,3,111,5.32,-28,36,32,-28.4,42.3,28.2,39,deactivation
626,4,124,4.51,2,-26,48,-1.17,-30.4,40.2,39,activation
627,4,177,6.12,34,34,36,32.3,40.9,35.2,39,deactivation
628,5,141,4.59,16,38,52,15.8,40.9,50.8,39,activation
629,5,214,5.81,-8,6,8,-11.2,8.98,8.31,39,deactivation
630,6,151,4.7,42,52,-6,44.4,48.1,-5.91,39,activation
631,6,230,6.34,44,-34,48,36.7,-39,43.3,39,deactivation
632,7,152,4.94,-26,30,50,-21.5,32.1,47.6,39,activation
633,7,242,7.01,-16,-74,36,-13.8,-66.3,43.6,39,deactivation
634,8,194,5.1,-58,-26,14,-57.7,-24.2,13.1,39,activation
635,8,258,6.02,-38,-42,-22,-38.8,-48.1,-16.4,39,deactivation
636,9,204,4.96,64,-18,14,63.5,-14.4,9.27,39,activation
637,9,262,7.55,18,-70,54,15.7,-60.2,58.9,39,deactivation
638,1,75,4.07,24,-38,-16,29.3,-48.5,-13.9,41,activation
639,2,87,4.4,10,-90,14,10.2,-88.6,7.28,41,activation
640,3,167,4.45,-40,-82,14,-37.5,-83.6,11.8,41,activation
641,4,186,4.2,-30,-58,-14,-31.2,-63.8,-12,41,activation
642,1,74,4.15,24,-38,-16,29.3,-48.6,-13.8,42,deactivation
643,2,87,4.43,10,-90,14,10.2,-88.6,7.27,42,deactivation
644,3,168,4.52,-40,-82,14,-37.6,-83.6,11.8,42,deactivation
645,4,186,4.29,-30,-58,-14,-31.2,-63.9,-12,42,deactivation
646,1,60,3.94,-32,-50,64,-26.7,-51.7,66.3,43,activation
647,1,595,5.01,2,-78,32,1.36,-66.5,29.5,43,deactivation
648,10,160,4.89,-28,28,6,-30.4,23.3,-0.858,43,activation
649,11,207,4.61,26,-8,50,28.8,-7.21,59.2,43,activation
650,12,262,4.73,-34,-72,-14,-29.8,-63.6,-10.6,43,activation
651,13,301,5.01,32,26,4,35.1,25.4,1.2,43,activation
652,14,304,4.91,36,-42,-18,31.3,-55.9,-12.1,43,activation
653,15,323,4.56,-34,-84,14,-39.3,-79.6,11.4,43,activation
654,2,62,4.21,-12,-98,14,-12.4,-94.9,12.7,43,activation
655,3,71,4.45,36,16,28,41.4,11.5,28.3,43,activation
656,4,86,4.25,-22,-10,68,-24.5,-10.1,59.6,43,activation
657,5,98,4.2,10,2,52,8.48,8.03,51.4,43,activation
658,6,100,4.6,28,-72,32,28.4,-75.4,32.3,43,activation
659,7,114,4.56,-16,-76,42,-19.6,-75.7,39.8,43,activation
660,8,132,4.36,36,-46,64,25.5,-56.5,59.6,43,activation
661,9,137,4.57,-48,-20,60,-45.5,-12.6,54.3,43,activation
662,1,73,4.19,-12,-52,-50,-11.6,-52,-49.6,46,activation
663,1,202,4.83,-44,-70,42,-42.6,-69.9,41.6,46,deactivation
664,10,753,4.99,0,-48,-20,7.76,-56.3,-21.3,46,activation
665,11,938,5.1,-48,-12,52,-46.8,-17,45.3,46,activation
666,12,1039,5.46,34,-4,54,24.4,-1.73,57.2,46,activation
667,2,113,4.36,-24,-46,64,-25.1,-49.7,65.1,46,activation
668,2,815,5.6,0,-70,46,-0.27,-75.2,26.7,46,deactivation
669,3,130,4.18,-20,-66,-22,-15.5,-67.1,-22.1,46,activation
670,4,134,4.42,60,-14,28,60.1,-19.1,26.4,46,activation
671,5,142,4.84,-38,-4,16,-49.1,5.3,22.5,46,activation
672,6,148,4.59,-32,20,12,-32.4,21.6,4.12,46,activation
673,7,164,4.71,44,34,30,32.2,33.6,31.3,46,activation
674,8,231,4.35,30,-42,66,23.1,-51.5,61.1,46,activation
675,9,647,5.88,32,26,-2,41.3,20.8,9.2,46,activation
676,1,65,4.81,2,-30,78,2.83,-37.4,76.9,47,activation
677,1,68,4.13,22,-8,64,22.1,-10.8,64.8,47,deactivation
678,10,119,4.71,-20,-64,52,-17.5,-55.9,55,47,deactivation
679,11,137,4.28,-52,0,34,-44.4,3.03,33,47,deactivation
680,12,167,4.28,6,12,48,8.96,15.8,51.2,47,deactivation
681,13,193,4.42,36,-80,24,29.6,-76.7,31.8,47,deactivation
682,14,200,5.16,34,26,6,33.2,25.4,2.52,47,deactivation
683,15,225,4.61,14,-92,18,16.4,-88.7,19.6,47,deactivation
684,16,303,4.59,34,-42,-6,29.6,-47.7,-9.54,47,deactivation
685,17,436,4.84,-20,-44,-6,-33.3,-51.7,-9.74,47,deactivation
686,18,605,4.61,-16,-92,20,-24.6,-83.8,19.1,47,deactivation
687,2,80,5.66,46,-70,-24,42.4,-71.2,-23.7,47,activation
688,2,73,4.42,-36,0,48,-40,-3.63,47.6,47,deactivation
689,3,84,4.65,54,-64,36,52.4,-63.4,33.7,47,activation
690,3,73,4.31,52,6,36,53.6,6.96,34.5,47,deactivation
691,4,401,5.76,0,-64,66,1.17,-64.7,46.8,47,activation
692,4,77,4.49,36,10,32,37.4,13,29.2,47,deactivation
693,5,79,4.4,-26,28,2,-29,25.4,-0.679,47,deactivation
694,6,89,4.49,30,-12,52,38.2,-10.9,52.2,47,deactivation
695,7,98,4.38,-36,-78,-10,-31.8,-77.3,-7.7,47,deactivation
696,8,102,4.31,-2,10,62,-9.79,9.14,56.9,47,deactivation
697,9,115,4.4,26,0,10,26.4,6.67,6.57,47,deactivation
698,1,67,4.23,22,-8,64,22.1,-10.8,64.9,48,activation
699,1,65,5.02,2,-30,78,2.82,-37.5,76.9,48,deactivation
700,10,167,4.29,8,14,48,9.02,15.9,51.1,48,activation
701,11,197,4.52,24,-78,40,29.5,-76.6,31.9,48,activation
702,12,200,5.25,34,26,6,33.3,25.4,2.49,48,activation
703,13,213,4.38,-36,0,50,-42.8,0.673,38.2,48,activation
704,14,226,4.9,12,-94,16,16.5,-88.7,19.5,48,activation
705,15,306,4.46,34,-42,-6,29.6,-47.7,-9.41,48,activation
706,16,438,4.91,-20,-44,-6,-33.3,-51.7,-9.73,48,activation
707,17,597,4.58,-16,-92,20,-24.7,-83.9,18.9,48,activation
708,2,71,4.31,52,6,36,53.7,6.85,34.6,48,activation
709,2,80,5.6,46,-70,-24,42.4,-71.1,-23.7,48,deactivation
710,3,78,4.45,36,10,32,37.5,13,29.1,48,activation
711,3,85,4.72,52,-62,32,52.4,-63.4,33.7,48,deactivation
712,4,79,4.38,-26,26,2,-29,25.4,-0.668,48,activation
713,4,403,5.85,0,-64,66,1.17,-64.8,46.9,48,deactivation
714,5,88,4.33,40,-12,50,38.3,-10.8,52.2,48,activation
715,6,90,4.38,-36,-78,-10,-31.3,-76.8,-8.46,48,activation
716,7,103,4.33,-4,10,64,-9.81,9.09,56.8,48,activation
717,8,117,4.35,26,12,4,26.4,6.67,6.55,48,activation
718,9,120,4.65,-20,-64,52,-17.6,-56,55.1,48,activation
719,1,67,5,-8,8,4,-8.34,3.85,10.3,49,activation
720,1,59,4.31,-4,-48,40,-5.99,-45.6,39,49,deactivation
721,10,406,6.54,12,-52,68,14.2,-59,61.9,49,activation
722,10,265,4.52,-46,-68,42,-48.1,-59.9,37.6,49,deactivation
723,11,431,5.25,32,28,4,37.5,21,3.75,49,activation
724,11,299,4.99,40,-64,34,45.1,-62.4,39.4,49,deactivation
725,12,598,4.83,4,-22,2,-0.586,-19.3,4,49,activation
726,13,4676,6.6,-26,-10,70,-8.54,-5.83,53.5,49,activation
727,2,106,4.48,-32,-52,-30,-29.2,-52.8,-27.1,49,activation
728,2,64,4.5,-48,36,8,-45.9,36.3,11.1,49,deactivation
729,3,107,4.57,2,-28,-38,1.35,-27.6,-37.3,49,activation
730,3,65,4.43,-16,50,44,-17,48.9,42,49,deactivation
731,4,124,4.91,34,48,42,35,40.7,36.6,49,activation
732,4,76,4.83,8,-50,36,5.61,-52.2,39.7,49,deactivation
733,5,126,5.18,12,-36,46,12.5,-32.7,46.6,49,activation
734,5,85,4.12,20,32,54,18.6,35.5,53.8,49,deactivation
735,6,139,4.71,8,8,4,9.76,4.65,9.77,49,activation
736,6,115,4.28,-18,28,48,-16,31.8,55.6,49,deactivation
737,7,152,4.76,10,-56,-46,19.9,-54,-47.8,49,activation
738,7,120,4.58,-32,-78,-32,-34.7,-74.4,-32.8,49,deactivation
739,8,226,4.9,32,-46,-34,29.2,-49.8,-25.9,49,activation
740,8,147,5.22,-36,54,-6,-41.7,46.7,-3.56,49,deactivation
741,9,288,5.33,-40,16,6,-33.3,21.7,2.78,49,activation
742,9,152,4.65,-66,-42,4,-62,-38.7,-0.124,49,deactivation
743,1,100,4.6,38,-84,30,42.6,-78.6,30.3,50,activation
744,1,55,4.37,-58,8,26,-58.6,5.03,26.7,50,deactivation
745,2,109,4.49,10,-78,40,9.41,-83,37.5,50,activation
746,2,174,4.97,-20,-10,66,-18,-9.07,65.3,50,deactivation
747,3,156,4.14,-40,-82,26,-39.4,-82.3,27.4,50,activation
748,1,55,4.36,-58,6,28,-58.6,5.02,26.7,51,activation
749,1,100,4.45,40,-78,34,42.6,-78.6,30.3,51,deactivation
750,2,174,5.08,-20,-10,66,-18,-9.16,65.3,51,activation
751,2,109,4.54,10,-78,40,9.41,-83,37.5,51,deactivation
752,3,155,4.12,-38,-84,26,-39.4,-82.3,27.4,51,deactivation
753,1,57,4.02,32,-82,34,33.6,-83.5,32.2,52,activation
754,1,60,4.14,56,-6,16,57.5,-6.24,15.4,52,deactivation
755,10,880,4.93,22,-86,-12,28.4,-62,-16.4,52,activation
756,10,142,4.59,66,-24,8,62.8,-22.3,7.15,52,deactivation
757,11,973,5.75,-38,-22,46,-39.7,-21.2,58.8,52,activation
758,11,229,4.54,-44,-72,-32,-39.9,-66.8,-35.4,52,deactivation
759,12,562,4.4,20,-32,52,26.2,-19.9,41,52,deactivation
760,13,705,4.49,38,54,-4,26.8,48.4,3.4,52,deactivation
761,14,1382,4.36,16,-24,26,31.3,-50.8,27.8,52,deactivation
762,15,2323,5.09,-26,-40,10,-27.6,-41.6,25.2,52,deactivation
763,2,99,4.22,-28,-80,18,-27.2,-87.9,23.4,52,activation
764,2,60,3.9,68,-36,-4,55.1,-36.7,-9.06,52,deactivation
765,3,100,4.31,12,-60,-50,16.9,-57.4,-49,52,activation
766,3,62,4.08,0,12,16,1.57,9.7,16.2,52,deactivation
767,4,114,4.73,52,-68,6,50.3,-66.8,7.61,52,activation
768,4,75,4.4,-18,14,36,-14.6,22.4,38.7,52,deactivation
769,5,119,4.75,-12,-28,40,-8.52,-26.3,44.4,52,activation
770,5,87,4.23,36,42,12,38.5,45.3,14.5,52,deactivation
771,6,123,4.29,-8,-20,10,-8.39,-18.1,9.42,52,activation
772,6,93,4.48,12,30,56,14.4,27.6,52.7,52,deactivation
773,7,156,4.62,-38,-46,-22,-35.5,-49.1,-19.3,52,activation
774,7,95,4.35,46,34,30,43.2,26.4,36.3,52,deactivation
775,8,207,4.97,0,0,56,-1.61,4.71,47.1,52,activation
776,8,110,4.46,-62,-24,10,-58.3,-14.6,5.65,52,deactivation
777,9,631,5.91,-44,-84,-8,-40.2,-74.8,-6.58,52,activation
778,9,136,4.46,-20,52,6,-20.3,46.8,9.72,52,deactivation
779,1,55,4.06,48,-14,50,49.8,-15.6,54.4,53,activation
780,1,65,4.49,48,-64,6,45.9,-66.7,3.58,53,deactivation
781,2,78,4.44,22,-64,26,20.6,-61,23.7,53,activation
782,2,82,4.68,18,-46,-20,17.2,-49,-20.1,53,deactivation
783,3,148,4.46,-36,-82,32,-36,-83.2,29.9,53,activation
784,3,241,5.84,-40,-22,60,-38.6,-25.3,56.4,53,deactivation
785,4,157,4.36,6,26,38,5.11,19.8,43.8,53,activation
786,1,64,4.43,48,-66,8,45.9,-66.7,3.73,54,activation
787,1,78,4.44,22,-64,26,20.6,-61,23.7,54,deactivation
788,2,82,4.71,18,-46,-22,17.3,-49,-20.2,54,activation
789,2,147,4.46,-36,-82,32,-36,-83.1,29.9,54,deactivation
790,3,236,5.98,-40,-22,60,-38.6,-25.3,56.3,54,activation
791,3,159,4.37,6,26,38,5.06,19.9,43.8,54,deactivation
792,1,82,4.64,-6,2,8,-7.6,5.9,8.53,55,activation
793,1,68,4.26,12,-68,-2,15,-61.2,-3.74,55,deactivation
794,10,4849,7.86,-48,-16,52,-24.9,-18.7,56.9,55,activation
795,10,286,4.7,-64,-40,0,-61.6,-40.8,0.188,55,deactivation
796,11,398,5.13,40,-14,16,46.2,-14.5,13.5,55,deactivation
797,12,502,5.08,38,-72,44,46,-63.4,37.1,55,deactivation
798,13,521,5.37,-22,20,52,-30.2,21.5,50.7,55,deactivation
799,14,563,4.87,-8,-50,38,0.0799,-50.1,38.2,55,deactivation
800,15,589,4.89,-10,-86,32,0.468,-86.8,23.8,55,deactivation
801,16,683,5.73,50,-16,54,27.1,-26.4,60.7,55,deactivation
802,17,698,5.06,-50,-50,48,-46.2,-59,42,55,deactivation
803,2,137,5.92,-48,-24,18,-52.9,-21.3,20.5,55,activation
804,2,69,4.27,46,42,14,46.7,38.9,19.1,55,deactivation
805,3,178,5.84,-56,10,36,-55.8,4.65,35.6,55,activation
806,3,71,4.06,-56,-26,4,-56,-20.9,1.82,55,deactivation
807,4,317,4.73,8,10,6,9.72,-4.35,11.6,55,activation
808,4,73,4.32,16,-40,-4,17.4,-36.8,-8.52,55,deactivation
809,5,495,6.29,10,-58,64,16.5,-56.2,64.1,55,activation
810,5,86,4.16,-22,-30,24,-20.9,-39.6,28.5,55,deactivation
811,6,517,5.25,-14,-22,12,-6.68,-21.8,3.5,55,activation
812,6,90,4.27,-44,-80,26,-38.8,-79.5,30.9,55,deactivation
813,7,555,5.99,44,-10,56,27.4,-7.04,60.3,55,activation
814,7,119,4.64,-20,-68,18,-16,-64.7,16,55,deactivation
815,8,1428,6.29,-24,-94,4,-34.1,-71.2,-9.55,55,activation
816,8,186,5.26,-12,-40,-6,-20.7,-42.2,-7.88,55,deactivation
817,9,2435,6.03,24,-50,-20,22.5,-60.1,-18.9,55,activation
818,9,262,4.66,-38,36,14,-42.9,36.9,18.8,55,deactivation
819,1,141,4.13,-46,-16,28,-37.2,-13.5,22.6,56,activation
820,1,98,6.97,-40,-24,64,-38.6,-26.4,59.6,56,deactivation
821,2,148,4.64,-56,-2,-2,-46.8,-15.2,4,56,activation
822,2,255,4.89,-12,-68,-6,-15.5,-63.2,-6.03,56,deactivation
823,3,172,4.41,-34,-54,-28,-38.1,-52.9,-31.2,56,activation
824,3,413,4.88,12,-52,38,-0.874,-49.7,39.7,56,deactivation
825,4,216,4.31,4,-36,-38,5.5,-30,-37.5,56,activation
826,4,1436,6.36,-44,-74,-16,-49.1,-64.3,4.6,56,deactivation
827,5,646,6.16,12,-56,62,16.7,-55,59.4,56,activation
828,5,3485,5.95,14,-90,-6,28.8,-70.5,1.91,56,deactivation
829,6,1400,5.79,34,22,8,39.6,19.5,4.76,56,activation
830,7,13906,6.74,6,20,42,3.71,-5.55,33.7,56,activation
831,1,99,6.85,-38,-24,64,-38.8,-26.3,59.6,57,activation
832,1,143,4.1,-46,-16,28,-37,-13.5,22.7,57,deactivation
833,2,252,4.88,-12,-68,-6,-15.5,-63.3,-6.05,57,activation
834,2,148,4.68,-56,-2,-2,-46.8,-15.1,3.97,57,deactivation
835,3,412,4.92,-10,-48,38,-0.926,-49.7,39.7,57,activation
836,3,173,4.31,-34,-54,-28,-38.1,-52.9,-31.2,57,deactivation
837,4,1426,6,-44,-74,-16,-49.2,-64.3,4.53,57,activation
838,4,240,4.33,16,-34,-32,3.74,-29.2,-37.6,57,deactivation
839,5,3470,5.81,18,-86,-6,28.9,-70.5,1.83,57,activation
840,5,648,6.22,12,-56,62,16.7,-54.9,59.4,57,deactivation
841,6,1404,5.79,34,22,8,39.6,19.6,4.76,57,deactivation
842,7,13976,7.05,6,20,42,3.68,-5.43,33.6,57,deactivation
843,1,179,4.99,50,12,-22,48.3,13.8,-19.8,58,activation
844,1,82,5.1,38,-86,16,39.1,-84.9,13.3,58,deactivation
845,2,40368,6.96,-2,6,68,6.39,-10,27.2,58,activation
846,2,124,6.2,16,10,-10,15.8,13,-7.37,58,deactivation
847,3,143,7.16,-48,46,22,-43.4,38.8,20.7,58,deactivation
848,4,144,5.04,32,-68,34,30.5,-67.1,40.2,58,deactivation
849,5,499,6.53,-2,-22,82,-0.00214,-58.9,54.6,58,deactivation
850,6,682,5.55,-48,-64,42,-36.1,-66.1,45,58,deactivation
851,7,6681,7.14,4,-72,-2,4.85,-65,-9.97,58,deactivation
852,1,92,4.33,-52,-28,20,-51.3,-30.7,23.6,59,activation
853,1,74,4.43,-42,44,22,-44.2,43.7,17.4,59,deactivation
854,2,107,4.42,-6,18,64,-0.299,25.3,59.3,59,activation
855,2,80,4.65,-42,-48,54,-42.9,-43.4,51,59,deactivation
856,3,141,4.75,-18,-66,20,-18.4,-62.3,14.8,59,activation
857,3,91,4.58,56,-44,-6,57.7,-50,-9.39,59,deactivation
858,4,157,4.77,26,12,2,28.3,7.3,-1.02,59,activation
859,4,93,4.56,-40,-68,46,-41.4,-64.9,47.6,59,deactivation
860,5,238,5.51,34,28,2,32.7,23.9,-5.56,59,activation
861,5,165,4.7,28,-68,50,37.9,-63,44.8,59,deactivation
862,6,275,4.94,48,0,52,47.2,-3.98,49.7,59,activation
863,6,181,5.43,-48,-62,-12,-55.7,-51.1,-12.2,59,deactivation
864,7,600,4.83,-24,10,2,-23.3,15.4,-0.465,59,activation
865,7,202,5.26,4,-82,-8,6.13,-80.7,-14.4,59,deactivation
866,8,714,5.13,-12,-24,44,5.14,-10.6,64.2,59,activation
867,8,681,5.61,20,-72,-14,38.5,-67.6,-33.4,59,deactivation
868,9,778,4.92,0,32,14,4.58,35.5,14.4,59,activation
869,1,74,4.36,-44,42,18,-44.2,43.7,17.4,60,activation
870,1,93,4.37,-52,-28,20,-51.3,-30.6,23.7,60,deactivation
871,2,78,4.37,-44,-48,54,-42.9,-43.3,51,60,activation
872,2,105,4.51,-6,18,64,-0.401,25.4,59.3,60,deactivation
873,3,90,4.66,56,-44,-6,57.6,-50,-9.39,60,activation
874,3,142,4.88,-18,-66,20,-18.4,-62.3,14.8,60,deactivation
875,4,95,4.55,-40,-68,46,-41.4,-64.8,47.7,60,activation
876,4,156,4.74,26,12,2,28.3,7.26,-1.01,60,deactivation
877,5,168,4.59,40,-64,46,37.9,-63,44.8,60,activation
878,5,236,5.4,34,28,2,32.7,23.9,-5.56,60,deactivation
879,6,180,4.96,-48,-62,-12,-55.7,-51,-12.1,60,activation
880,6,279,4.86,54,-8,46,47.2,-3.99,49.7,60,deactivation
881,7,201,5.14,6,-74,-6,6.02,-80.8,-14.5,60,activation
882,7,599,4.86,-34,20,-12,-23.3,15.4,-0.439,60,deactivation
883,8,681,5.56,20,-72,-14,38.5,-67.6,-33.5,60,activation
884,8,717,5.2,-12,-24,44,5.13,-10.6,64.2,60,deactivation
885,9,778,4.67,-2,32,6,4.56,35.5,14.3,60,deactivation
886,1,84,4.64,-8,2,8,-6.71,3.85,7.92,61,activation
887,1,66,4.07,-30,-30,22,-36.7,-24.3,15,61,deactivation
888,2,94,4.53,-38,-58,-22,-38.9,-52.6,-24.6,61,activation
889,2,97,4.4,-54,-10,40,-55.9,-7.85,35.7,61,deactivation
890,3,120,4.27,36,-66,-22,29.2,-65.7,-19.9,61,activation
891,3,160,4.07,-52,-6,2,-56.5,-15.3,1.89,61,deactivation
892,4,121,4.47,0,-54,2,0.0189,-35.9,6.14,61,activation
893,4,163,4.18,34,-20,18,37.8,-19.8,15,61,deactivation
894,5,466,4.75,4,-80,-14,1.82,-70.8,-19.7,61,activation
895,5,244,4.26,44,-18,42,54.3,-9.75,33.1,61,deactivation
896,6,470,4.59,20,-36,74,10.7,-30.6,67.9,61,deactivation
897,1,246,4.86,2,-56,-32,0.774,-61.2,-18.5,64,activation
898,1,89,4.69,24,-96,2,25.7,-94.1,4.67,70,activation
899,1,78,3.9,22,38,36,20.1,45.2,36.1,70,deactivation
900,2,92,4.27,22,-52,-50,15.4,-58.2,-49.4,70,activation
901,2,125,4.06,14,22,64,16.4,28.1,58.3,70,deactivation
902,3,223,4.51,-16,10,0,-13.3,11.6,1.24,70,activation
903,4,255,4.44,10,14,2,14.4,12.5,-0.65,70,activation
904,5,265,4.39,-40,-12,64,-36.6,-23.6,61.3,70,activation
905,6,1837,5.25,2,-62,-20,5.59,-59.8,-19.4,70,activation
906,1,53,3.9,-26,22,60,-20.4,26.4,58,73,activation
907,1,62,4.16,-6,8,46,-4.86,10.1,43.5,73,deactivation
908,2,80,3.88,40,-70,42,45.5,-64,39.4,73,activation
909,2,70,4.32,18,0,72,18.1,-5.73,70.2,73,deactivation
910,3,91,4.23,-40,-74,-30,-36.1,-74.9,-31.1,73,activation
911,3,139,5.43,30,-6,58,31.2,-6.32,55.3,73,deactivation
912,4,98,4.33,0,-66,42,4.46,-59.5,41.2,73,activation
913,4,170,4.13,28,-54,-10,26.6,-53.2,-13.9,73,deactivation
914,5,130,4.28,-40,-64,38,-42.5,-65.7,42.5,73,activation
915,5,255,4.31,6,6,62,3.43,1.34,57.1,73,deactivation
916,6,886,4.7,-26,-6,50,-40.2,-18.2,55.5,73,deactivation
917,1,73,4.05,0,-26,36,0.0881,-23.8,38,74,activation
918,1,57,4.06,28,-78,-8,29.3,-78.2,-8.15,74,deactivation
919,10,289,4.8,28,-64,-6,22.7,-53.7,-13.6,74,deactivation
920,11,812,4.7,-54,-26,48,-43.7,-23,54,74,deactivation
921,2,95,4.44,0,-70,44,0.317,-74.1,38.3,74,activation
922,2,73,4.3,58,6,42,55,-4.05,40,74,deactivation
923,3,99,4.27,-48,-62,40,-46.5,-63.2,43,74,activation
924,3,79,4.05,4,0,64,2.02,0.512,66,74,deactivation
925,4,101,3.96,0,-52,40,4.75,-51.9,37.9,74,activation
926,4,94,3.87,-60,-16,18,-56.9,-18.2,20,74,deactivation
927,5,121,4.32,-26,-10,54,-23.8,-9.39,56.7,74,deactivation
928,6,154,4.14,-58,0,32,-55.9,4.37,32.3,74,deactivation
929,7,178,4.91,62,4,28,60.5,4.28,21.7,74,deactivation
930,8,179,4.54,34,-4,56,31.4,-6.6,55.5,74,deactivation
931,9,232,4.26,36,-54,56,39.2,-40.2,48.2,74,deactivation
932,1,99,6.3,40,-12,-20,38.4,-7.96,-19.7,75,activation
933,1,120,7.29,30,38,-12,34.9,35.9,-11.5,75,deactivation
934,2,32391,12.2,-30,-54,58,2.09,-21.1,12.9,75,activation
935,2,170,5.72,0,-18,42,-1.93,-12.5,38.9,75,deactivation
936,3,182,6.19,54,32,16,54.5,32.8,9.16,75,deactivation
937,4,187,6.01,-62,-2,20,-50.7,-9.63,30.6,75,deactivation
938,5,262,7.28,8,-34,72,9.11,-32.5,68.3,75,deactivation
939,6,304,6.95,66,-2,22,52,-8.76,34.1,75,deactivation
940,7,354,6.88,-38,-8,6,-37.9,-14.8,9.41,75,deactivation
941,8,2718,7.94,-8,66,30,-4.57,48.3,26.2,75,deactivation
942,9,18799,11.4,50,-74,16,-5.45,-40.6,8.67,75,deactivation
